1;4357KQG;4357-10;Design of communication module;25:46;16:06;1;46;41:52
2;4357KQG;4357-7;Complete preparation of new work area;30:20;59:49;0;47;90:09
3;9838KFP;9838-6;Enterprise Environmental Factor;10:52;39:56;0;27;50:48
4;8259TMD;8259-2;Enterprise Environmental Factor;26:44;26:31;1;57;53:15
5;5629ORT;5629-11;Enterprise Environmental Factor;49:54;49:12;1;18;99:06
6;2837NKR;2837-17;Following are five time management;11:45;9:43;1;44;21:28
7;6112CRM;6112-2;Complete preparation of new work area;34:15;5:43;1;19;39:58
8;2222AAA;2222-20;Following are five time management;4:43;58:52;0;3;63:35
9;6364ESL;6364-4;Scope baseline being the primary input;60:53;22:55;0;48;83:48
10;9838KFP;9838-14;Complete preparation of new work area;16:41;21:31;1;47;38:12
11;6364ESL;6364-20;Following are five time management;27:55;51:42;0;69;79:37
12;6136FOR;6136-10;Enterprise Environmental Factor;18:26;47:17;1;18;65:43
13;2222AAA;2222-15;Complete preparation of new work area;50:53;56:49;0;11;107:42
14;7722RJP;7722-9;Design of communication module;41:40;6:07;1;99;47:47
15;1111AAA;1111-18;Scope baseline being the primary input;13:30;46:32;0;27;60:02
16;5312GOH;5312-17;Complete preparation of new work area;56:39;40:12;0;13;96:51
17;8867OPQ;8867-14;Enterprise Environmental Factor;16:03;1:20;0;93;17:23
18;1173DLU;1173-3;Following are five time management;41:11;44:38;0;71;85:49
19;3333AAA;3333-11;Design of communication module;53:46;51:37;1;100;105:23
20;3619LTU;3619-3;Following are five time management;2:13;5:14;1;40; 7:27
21;3333AAA;3333-18;Scope baseline being the primary input;17:03;16:04;0;67;33:07
22;5774XWQ;5774-1;Design of communication module;23:06;20:45;1;51;43:51
23;9838SDR;9838-7;Design of communication module;46:02;30:51;0;58;76:53
24;6188QFT;6188-5;Complete preparation of new work area;24:11;26:18;0;48;50:29
25;5629ORT;5629-6;Following are five time management;16:06;25:30;1;65;41:36
26;1173DLU;1173-18;Enterprise Environmental Factor;13:08;6:51;0;53;19:59
27;3338JTC;3338-15;Design of communication module;20:52;46:33;0;100;67:25
28;7279FIJ;7279-14;Enterprise Environmental Factor;49:08;26:53;0;50;76:01
29;5331CIC;5331-16;Following are five time management;30:31;16:59;0;93;47:30
30;9572EWY;9572-10;Enterprise Environmental Factor;18:18;24:54;0;93;43:12
31;6188QFT;6188-7;Design of communication module;40:45;35:13;1;20;75:58
32;1111AAA;1111-17;Following are five time management;57:24;59:35;1;94;116:59
33;7778UYT;7778-17;Scope baseline being the primary input;19:06;12:59;0;77;32:05
34;2837NKR;2837-19;Scope baseline being the primary input;20:46;50:44;0;85;71:30
35;6364ESL;6364-8;Complete preparation of new work area;54:05;4:02;0;54;58:07
36;7722RJP;7722-2;Enterprise Environmental Factor;7:52;18:43;0;97;26:35
37;1111AAA;1111-13;Following are five time management;16:37;55:53;1;51;72:30
38;9779RAH;9779-19;Scope baseline being the primary input;17:51;20:21;1;98;38:12
39;2755KHZ;2755-14;Scope baseline being the primary input;7:18;43:14;1;21;50:32
40;8681KSX;8681-2;Scope baseline being the primary input;60:22;38:19;1;30;98:41
41;1173DLU;1173-1;Scope baseline being the primary input;25:35;6:10;0;42;31:45
42;2837NKR;2837-18;Complete preparation of new work area;52:50;44:29;0;98;97:19
43;8483DZM;8483-13;Complete preparation of new work area;24:51;21:56;0;34;46:47
44;6136FOR;6136-2;Design of communication module;23:23;10:06;0;20;33:29
45;6364ESL;6364-12;Scope baseline being the primary input;52:41;42:28;0;63;95:09
46;2222AAA;2222-12;Scope baseline being the primary input;30:28;12:59;1;22;43:27
47;2557APJ;2557-5;Following are five time management;49:44;21:42;0;95;71:26
48;2837NKR;2837-8;Enterprise Environmental Factor;3:12;35:18;1;7;38:30
49;5774XWQ;5774-8;Enterprise Environmental Factor;10:12;1:33;0;4;11:45
50;7778UYT;7778-15;Scope baseline being the primary input;26:42;39:52;0;38;66:34
51;3277QBC;3277-11;Enterprise Environmental Factor;44:36;37:59;0;82;82:35
52;2755KHZ;2755-3;Design of communication module;33:03;48:27;1;86;81:30
53;9838SDR;9838-20;Scope baseline being the primary input;9:15;49:37;1;36;58:52
54;2315WYJ;2315-15;Following are five time management;58:07;8:58;1;83;67:05
55;7457LLG;7457-7;Following are five time management;44:22;50:04;1;98;94:26
56;5331CIC;5331-9;Design of communication module;41:22;54:03;0;64;95:25
57;8867OPQ;8867-19;Complete preparation of new work area;36:20;26:25;1;50;62:45
58;2222AAA;2222-3;Scope baseline being the primary input;27:48;33:32;1;7;61:20
59;8259TMD;8259-13;Enterprise Environmental Factor;56:25;58:38;0;18;115:03
60;7778UYT;7778-14;Enterprise Environmental Factor;26:17;49:46;1;86;76:03
61;3277QBC;3277-15;Complete preparation of new work area;22:31;38:27;0;38;60:58
62;6136FOR;6136-6;Enterprise Environmental Factor;55:23;31:42;0;26;87:05
63;9779RAH;9779-3;Complete preparation of new work area;8:57;48:57;1;80;57:54
64;9838KFP;9838-5;Complete preparation of new work area;59:28;49:22;1;84;108:50
65;6112CRM;6112-2;Complete preparation of new work area;15:04;49:15;1;82;64:19
66;8867OPQ;8867-13;Complete preparation of new work area;12:27;32:17;1;55;44:44
67;6112CRM;6112-13;Enterprise Environmental Factor;10:45;10:06;0;68;20:51
68;9838SDR;9838-2;Complete preparation of new work area;21:51;16:44;0;6;38:35
69;5774XWQ;5774-7;Scope baseline being the primary input;31:04;21:42;1;9;52:46
70;3564SMH;3564-17;Complete preparation of new work area;26:39;32:39;1;90;59:18
71;7557UNN;7557-13;Scope baseline being the primary input;25:11;49:50;0;92;75:01
72;7722RJP;7722-11;Enterprise Environmental Factor;22:14;39:55;1;83;62:09
73;7557UNN;7557-18;Enterprise Environmental Factor;31:20;7:58;0;65;39:18
74;1111AAA;1111-7;Scope baseline being the primary input;44:47;56:24;1;22;101:11
75;6592LTN;6592-5;Enterprise Environmental Factor;45:22;32:47;1;48;78:09
76;7457LLG;7457-9;Complete preparation of new work area;42:50;43:14;0;55;86:04
77;6364ESL;6364-2;Scope baseline being the primary input;46:52;34:50;0;43;81:42
78;9838SDR;9838-12;Following are five time management;59:48;58:06;0;76;117:54
79;4541HDC;4541-12;Scope baseline being the primary input;48:59;7:08;1;82;56:07
80;6136FOR;6136-2;Enterprise Environmental Factor;16:33;35:45;0;95;52:18
81;3277QBC;3277-5;Enterprise Environmental Factor;3:36;55:57;0;19;59:33
82;8483DZM;8483-13;Following are five time management;26:46;16:34;1;26;43:20
83;8259TMD;8259-17;Scope baseline being the primary input;41:43;54:22;1;58;96:05
84;5331CIC;5331-8;Scope baseline being the primary input;35:43;34:56;0;53;70:39
85;6372BGX;6372-20;Design of communication module;3:43;42:23;1;51;46:06
86;5331CIC;5331-10;Scope baseline being the primary input;50:42;45:14;1;63;95:56
87;5629ORT;5629-6;Scope baseline being the primary input;31:15;34:28;0;60;65:43
88;2222AAA;2222-6;Design of communication module;32:44;52:43;1;90;85:27
89;7279FIJ;7279-3;Scope baseline being the primary input;57:51;16:22;0;36;74:13
90;3564SMH;3564-18;Enterprise Environmental Factor;32:33;58:05;0;78;90:38
91;9779RAH;9779-15;Design of communication module;52:15;4:50;1;63;57:05
92;5312GOH;5312-10;Design of communication module;21:52;15:01;1;14;36:53
93;9838KFP;9838-15;Scope baseline being the primary input;43:32;39:02;1;44;82:34
94;7457LLG;7457-6;Following are five time management;4:50;15:36;0;66;20:26
95;9572EWY;9572-17;Following are five time management;7:20;8:53;1;25;16:13
96;1111AAA;1111-20;Complete preparation of new work area;7:33;26:46;1;75;34:19
97;3619LTU;3619-10;Following are five time management;20:34;18:21;1;67;38:55
98;2557APJ;2557-5;Complete preparation of new work area;40:56;42:08;1;34;83:04
99;7722RJP;7722-2;Following are five time management;23:35;30:20;1;22;53:55
100;9779RAH;9779-7;Following are five time management;5:26;27:47;1;73;33:13
101;7279FIJ;7279-16;Design of communication module;26:59;5:14;0;61;32:13
102;4357KQG;4357-6;Complete preparation of new work area;4:01;36:50;1;14;40:51
103;6917RIB;6917-12;Scope baseline being the primary input;57:03;29:48;0;4;86:51
104;7457LLG;7457-12;Enterprise Environmental Factor;46:42;40:29;0;91;87:11
105;3277QBC;3277-7;Enterprise Environmental Factor;26:56;44:13;1;71;71:09
106;4357KQG;4357-9;Design of communication module;13:10;22:30;0;36;35:40
107;2557APJ;2557-1;Design of communication module;41:15;42:25;1;6;83:40
108;6112CRM;6112-9;Following are five time management;17:05;39:55;1;56;57:00
109;3619LTU;3619-4;Design of communication module;51:28;58:46;0;6;110:14
110;9838KFP;9838-6;Design of communication module;12:11;34:31;0;46;46:42
111;3619LTU;3619-3;Scope baseline being the primary input;51:45;40:18;0;18;92:03
112;3564SMH;3564-14;Design of communication module;5:36;51:28;1;97;57:04
113;8483DZM;8483-15;Enterprise Environmental Factor;55:42;59:16;1;48;114:58
114;6364ESL;6364-10;Following are five time management;31:44;17:34;1;63;49:18
115;3338JTC;3338-7;Complete preparation of new work area;32:04;12:43;0;17;44:47
116;6592LTN;6592-15;Design of communication module;41:48;22:30;0;9;64:18
117;9838SDR;9838-16;Complete preparation of new work area;44:19;22:15;1;6;66:34
118;7722RJP;7722-4;Design of communication module;54:06;50:36;1;2;104:42
119;9838KFP;9838-9;Design of communication module;59:03;51:24;0;24;110:27
120;5331CIC;5331-12;Design of communication module;53:40;21:29;1;39;75:09
121;5995KWB;5995-2;Design of communication module;20:45;59:32;0;94;80:17
122;8867OPQ;8867-8;Enterprise Environmental Factor;13:04;24:48;1;70;37:52
123;3277QBC;3277-14;Complete preparation of new work area;56:19;1:14;0;99;57:33
124;6592LTN;6592-12;Design of communication module;36:39;39:43;0;97;76:22
125;7279FIJ;7279-10;Following are five time management;15:56;50:05;0;1;66:01
126;6917RIB;6917-4;Complete preparation of new work area;13:57;12:10;0;47;26:07
127;6592LTN;6592-2;Complete preparation of new work area;43:11;44:44;1;49;87:55
128;7457LLG;7457-11;Complete preparation of new work area;3:28;17:22;1;60;20:50
129;5629ORT;5629-1;Enterprise Environmental Factor;6:38;38:17;1;62;44:55
130;8867OPQ;8867-7;Scope baseline being the primary input;6:45;35:49;0;60;42:34
131;7778UYT;7778-20;Design of communication module;7:11;11:47;0;44;18:58
132;5312GOH;5312-18;Following are five time management;28:10;17:26;0;3;45:36
133;8681KSX;8681-20;Complete preparation of new work area;7:56;30:01;0;9;37:57
134;2557APJ;2557-10;Complete preparation of new work area;38:13;6:43;1;6;44:56
135;9572EWY;9572-10;Following are five time management;14:55;35:31;1;15;50:26
136;8867OPQ;8867-17;Enterprise Environmental Factor;15:56;15:53;0;84;31:49
137;3619LTU;3619-13;Following are five time management;22:55;13:15;1;2;36:10
138;6592LTN;6592-1;Scope baseline being the primary input;56:48;19:52;1;35;76:40
139;3619LTU;3619-18;Design of communication module;28:35;56:04;1;40;84:39
140;6136FOR;6136-20;Scope baseline being the primary input;56:47;10:51;0;67;67:38
141;6592LTN;6592-13;Enterprise Environmental Factor;38:16;22:20;1;89;60:36
142;7279FIJ;7279-11;Enterprise Environmental Factor;52:51;15:09;1;9;68:00
143;6917RIB;6917-8;Design of communication module;50:29;55:35;1;40;106:04
144;6592LTN;6592-17;Design of communication module;53:45;30:15;1;22;84:00
145;8259TMD;8259-9;Enterprise Environmental Factor;7:06;20:21;1;52;27:27
146;7457LLG;7457-10;Design of communication module;48:39;24:18;0;58;72:57
147;3277QBC;3277-11;Following are five time management;26:40;40:54;0;25;67:34
148;2837NKR;2837-16;Complete preparation of new work area;30:36;2:47;1;17;33:23
149;6188QFT;6188-5;Enterprise Environmental Factor;14:40;54:14;0;94;68:54
150;7557UNN;7557-5;Scope baseline being the primary input;54:21;32:36;1;47;86:57
151;5995KWB;5995-5;Complete preparation of new work area;42:52;18:34;1;25;61:26
152;7778UYT;7778-3;Enterprise Environmental Factor;59:09;3:54;0;98;63:03
153;9838KFP;9838-12;Following are five time management;26:02;57:04;0;81;83:06
154;5629ORT;5629-17;Following are five time management;50:01;26:40;1;43;76:41
155;7557UNN;7557-5;Following are five time management;36:56;51:46;1;82;88:42
156;1111AAA;1111-11;Scope baseline being the primary input;8:56;4:03;0;48;12:59
157;5629ORT;5629-1;Complete preparation of new work area;21:29;32:18;1;34;53:47
158;4357KQG;4357-4;Following are five time management;15:35;39:08;0;44;54:43
159;3564SMH;3564-11;Complete preparation of new work area;57:57;22:35;0;55;80:32
160;7722RJP;7722-16;Following are five time management;8:24;25:17;0;79;33:41
161;7557UNN;7557-9;Enterprise Environmental Factor;21:10;42:47;1;31;63:57
162;6112CRM;6112-3;Complete preparation of new work area;34:32;15:27;1;78;49:59
163;6112CRM;6112-1;Scope baseline being the primary input;33:39;35:47;0;76;69:26
164;7557UNN;7557-20;Complete preparation of new work area;15:30;11:45;0;89;27:15
165;5331CIC;5331-16;Enterprise Environmental Factor;7:15;54:04;0;25;61:19
166;4357KQG;4357-11;Scope baseline being the primary input;27:22;39:12;0;57;66:34
167;6136FOR;6136-10;Scope baseline being the primary input;29:42;7:04;0;56;36:46
168;2755KHZ;2755-7;Complete preparation of new work area;5:50;15:24;0;84;21:14
169;7279FIJ;7279-3;Scope baseline being the primary input;42:38;31:59;1;72;74:37
170;6592LTN;6592-18;Complete preparation of new work area;35:28;56:04;1;3;91:32
171;3338JTC;3338-12;Design of communication module;60:22;42:49;0;11;103:11
172;6592LTN;6592-4;Enterprise Environmental Factor;26:36;31:12;1;52;57:48
173;5629ORT;5629-6;Complete preparation of new work area;19:46;46:34;0;22;66:20
174;5629ORT;5629-11;Following are five time management;37:15;29:05;0;34;66:20
175;2755KHZ;2755-13;Complete preparation of new work area;20:47;23:17;0;32;44:04
176;9838SDR;9838-20;Complete preparation of new work area;33:18;54:29;0;64;87:47
177;5774XWQ;5774-18;Enterprise Environmental Factor;52:45;54:56;0;81;107:41
178;8867OPQ;8867-4;Following are five time management;16:28;39:10;0;7;55:38
179;6188QFT;6188-5;Design of communication module;18:11;16:10;1;25;34:21
180;5312GOH;5312-14;Following are five time management;36:07;45:34;1;60;81:41
181;8867OPQ;8867-6;Enterprise Environmental Factor;40:09;48:16;1;62;88:25
182;1173DLU;1173-3;Following are five time management;15:44;7:24;1;80;23:08
183;5331CIC;5331-14;Design of communication module;38:45;43:39;0;14;82:24
184;8681KSX;8681-20;Following are five time management;4:37;16:32;1;27;21:09
185;6112CRM;6112-10;Enterprise Environmental Factor;22:12;25:34;0;82;47:46
186;4357KQG;4357-8;Enterprise Environmental Factor;34:51;48:51;0;6;83:42
187;1111AAA;1111-19;Design of communication module;10:56;21:13;0;68;32:09
188;3333AAA;3333-10;Design of communication module;5:29;5:46;1;91;11:15
189;8681KSX;8681-3;Design of communication module;19:27;28:26;0;50;47:53
190;9838KFP;9838-1;Enterprise Environmental Factor;15:12;20:35;1;69;35:47
191;5312GOH;5312-7;Scope baseline being the primary input;15:48;22:09;0;26;37:57
192;5995KWB;5995-11;Scope baseline being the primary input;42:18;40:54;0;57;83:12
193;1111AAA;1111-10;Scope baseline being the primary input;57:35;4:54;0;96;62:29
194;6136FOR;6136-12;Following are five time management;58:27;23:02;1;11;81:29
195;9779RAH;9779-4;Design of communication module;36:21;60:24;1;98;96:45
196;8681KSX;8681-5;Following are five time management;37:36;49:29;1;69;87:05
197;8259TMD;8259-12;Scope baseline being the primary input;20:53;21:39;1;22;42:32
198;8867OPQ;8867-8;Design of communication module;10:37;54:43;0;26;65:20
199;2755KHZ;2755-9;Scope baseline being the primary input;56:32;14:53;0;23;71:25
200;5995KWB;5995-10;Design of communication module;23:18;28:19;1;70;51:37
201;6592LTN;6592-12;Scope baseline being the primary input;12:07;37:55;1;23;50:02
202;6188QFT;6188-18;Design of communication module;3:18;10:55;0;29;14:13
203;1111AAA;1111-19;Enterprise Environmental Factor;24:26;4:05;0;12;28:31
204;3333AAA;3333-12;Following are five time management;58:13;56:25;1;8;114:38
205;5331CIC;5331-9;Enterprise Environmental Factor;38:07;60:03;0;63;98:10
206;4357KQG;4357-12;Following are five time management;17:10;45:03;0;9;62:13
207;2755KHZ;2755-17;Enterprise Environmental Factor;7:31;1:55;0;15; 9:26
208;8259TMD;8259-12;Complete preparation of new work area;28:05;41:14;1;52;69:19
209;9779RAH;9779-14;Enterprise Environmental Factor;15:59;21:19;1;27;37:18
210;8681KSX;8681-1;Complete preparation of new work area;11:44;50:35;0;21;62:19
211;2837NKR;2837-15;Design of communication module;8:10;32:44;1;73;40:54
212;4357KQG;4357-13;Following are five time management;16:06;24:36;0;46;40:42
213;6372BGX;6372-9;Scope baseline being the primary input;8:04;43:45;0;93;51:49
214;9572EWY;9572-10;Complete preparation of new work area;19:27;22:14;1;78;41:41
215;6112CRM;6112-4;Following are five time management;28:05;39:18;0;32;67:23
216;5331CIC;5331-16;Design of communication module;55:45;59:46;0;14;115:31
217;8483DZM;8483-10;Design of communication module;24:49;19:14;1;25;44:03
218;2315WYJ;2315-20;Enterprise Environmental Factor;25:41;24:03;1;38;49:44
219;8259TMD;8259-19;Design of communication module;38:39;16:51;1;26;55:30
220;7457LLG;7457-17;Complete preparation of new work area;56:13;43:16;1;21;99:29
221;6112CRM;6112-17;Complete preparation of new work area;15:05;42:05;1;48;57:10
222;5629ORT;5629-2;Scope baseline being the primary input;8:08;18:56;0;24;27:04
223;8681KSX;8681-3;Design of communication module;23:31;47:03;1;56;70:34
224;5312GOH;5312-12;Design of communication module;11:34;53:07;1;44;64:41
225;9838KFP;9838-8;Enterprise Environmental Factor;24:06;43:25;0;5;67:31
226;5331CIC;5331-19;Complete preparation of new work area;43:19;21:04;1;36;64:23
227;7722RJP;7722-19;Scope baseline being the primary input;4:14;11:12;0;0;15:26
228;6188QFT;6188-19;Following are five time management;52:13;47:25;1;56;99:38
229;0000AAA;0000-6;Scope baseline being the primary input;53:19;16:04;1;65;69:23
230;5312GOH;5312-1;Scope baseline being the primary input;13:25;22:30;1;58;35:55
231;1173DLU;1173-6;Design of communication module;39:57;60:01;1;95;99:58
232;6188QFT;6188-5;Complete preparation of new work area;24:44;10:21;0;86;35:05
233;8681KSX;8681-19;Scope baseline being the primary input;5:15;49:33;0;26;54:48
234;6364ESL;6364-11;Following are five time management;5:11;6:20;1;64;11:31
235;9572EWY;9572-13;Enterprise Environmental Factor;20:23;4:15;0;1;24:38
236;7457LLG;7457-16;Design of communication module;49:36;19:41;0;48;69:17
237;6372BGX;6372-3;Scope baseline being the primary input;9:33;60:51;0;23;70:24
238;5774XWQ;5774-10;Design of communication module;52:49;2:59;1;24;55:48
239;8483DZM;8483-5;Complete preparation of new work area;58:08;60:06;1;76;118:14
240;1173DLU;1173-20;Enterprise Environmental Factor;26:40;56:47;0;59;83:27
241;6372BGX;6372-14;Following are five time management;9:34;59:59;0;41;69:33
242;4357KQG;4357-4;Design of communication module;51:49;5:43;1;6;57:32
243;5331CIC;5331-3;Scope baseline being the primary input;26:36;39:33;1;18;66:09
244;7457LLG;7457-2;Scope baseline being the primary input;13:04;58:05;1;42;71:09
245;7279FIJ;7279-4;Following are five time management;21:21;6:48;1;9;28:09
246;3277QBC;3277-10;Complete preparation of new work area;39:10;36:26;1;8;75:36
247;7778UYT;7778-16;Enterprise Environmental Factor;9:03;39:14;1;39;48:17
248;3333AAA;3333-16;Following are five time management;29:46;26:45;0;75;56:31
249;6112CRM;6112-4;Complete preparation of new work area;34:18;34:47;1;52;69:05
250;9779RAH;9779-20;Scope baseline being the primary input;15:48;10:28;1;35;26:16
251;5312GOH;5312-9;Following are five time management;43:20;27:20;0;57;70:40
252;6364ESL;6364-11;Scope baseline being the primary input;2:42;16:11;1;93;18:53
253;6917RIB;6917-20;Design of communication module;2:42;37:19;0;43;40:01
254;3564SMH;3564-3;Scope baseline being the primary input;17:48;38:20;0;58;56:08
255;4541HDC;4541-4;Enterprise Environmental Factor;19:53;31:36;0;54;51:29
256;2222AAA;2222-2;Scope baseline being the primary input;55:33;59:54;1;92;115:27
257;0000AAA;0000-4;Enterprise Environmental Factor;53:45;56:42;0;66;110:27
258;5629ORT;5629-16;Following are five time management;27:43;19:19;1;61;47:02
259;5629ORT;5629-7;Complete preparation of new work area;25:10;55:41;0;98;80:51
260;1111AAA;1111-14;Enterprise Environmental Factor;30:33;16:15;1;1;46:48
261;7279FIJ;7279-6;Following are five time management;27:51;36:52;0;88;64:43
262;9838SDR;9838-18;Enterprise Environmental Factor;27:41;18:12;1;11;45:53
263;3564SMH;3564-17;Scope baseline being the primary input;32:01;24:03;0;16;56:04
264;6136FOR;6136-9;Following are five time management;46:40;47:03;1;41;93:43
265;1111AAA;1111-8;Enterprise Environmental Factor;34:42;58:09;1;51;92:51
266;6112CRM;6112-12;Following are five time management;29:22;34:01;0;63;63:23
267;3338JTC;3338-14;Complete preparation of new work area;35:16;21:04;0;17;56:20
268;7722RJP;7722-19;Design of communication module;31:35;17:33;0;8;49:08
269;2755KHZ;2755-19;Scope baseline being the primary input;47:43;48:46;0;15;96:29
270;5774XWQ;5774-1;Scope baseline being the primary input;20:52;9:56;0;62;30:48
271;9838SDR;9838-6;Scope baseline being the primary input;24:28;29:45;1;28;54:13
272;1111AAA;1111-18;Design of communication module;32:04;50:46;1;72;82:50
273;7279FIJ;7279-6;Following are five time management;43:48;41:20;1;51;85:08
274;6364ESL;6364-8;Following are five time management;41:22;36:34;1;71;77:56
275;1173DLU;1173-20;Design of communication module;13:07;54:29;1;65;67:36
276;6592LTN;6592-20;Complete preparation of new work area;43:06;6:02;1;13;49:08
277;2557APJ;2557-4;Following are five time management;10:30;3:53;1;34;14:23
278;6372BGX;6372-11;Design of communication module;20:59;38:30;0;12;59:29
279;0000AAA;0000-20;Complete preparation of new work area;23:21;47:59;1;53;71:20
280;2557APJ;2557-4;Scope baseline being the primary input;10:51;60:06;0;76;70:57
281;2557APJ;2557-3;Following are five time management;15:58;9:06;1;59;25:04
282;7722RJP;7722-9;Enterprise Environmental Factor;33:59;24:36;0;0;58:35
283;9838SDR;9838-13;Scope baseline being the primary input;38:33;51:19;1;76;89:52
284;6136FOR;6136-18;Enterprise Environmental Factor;19:03;59:14;1;48;78:17
285;3333AAA;3333-14;Complete preparation of new work area;8:08;24:49;1;54;32:57
286;5312GOH;5312-8;Enterprise Environmental Factor;24:44;3:56;1;22;28:40
287;8483DZM;8483-18;Complete preparation of new work area;3:55;6:04;1;59; 9:59
288;6592LTN;6592-11;Design of communication module;21:40;45:47;0;19;67:27
289;5774XWQ;5774-11;Scope baseline being the primary input;53:18;27:51;1;81;81:09
290;4541HDC;4541-14;Enterprise Environmental Factor;14:13;55:22;0;75;69:35
291;2755KHZ;2755-13;Complete preparation of new work area;56:20;8:12;1;55;64:32
292;6188QFT;6188-4;Design of communication module;5:37;6:48;0;15;12:25
293;9572EWY;9572-8;Design of communication module;60:31;49:50;0;73;110:21
294;3277QBC;3277-7;Following are five time management;9:59;7:45;0;17;17:44
295;7778UYT;7778-10;Scope baseline being the primary input;3:51;7:23;1;10;11:14
296;8681KSX;8681-6;Enterprise Environmental Factor;30:46;19:04;1;99;49:50
297;7457LLG;7457-6;Scope baseline being the primary input;28:42;37:14;1;43;65:56
298;3277QBC;3277-4;Following are five time management;48:11;17:16;0;78;65:27
299;8681KSX;8681-3;Complete preparation of new work area;57:29;18:33;0;2;76:02
300;7722RJP;7722-7;Following are five time management;51:34;39:53;1;14;91:27
301;2557APJ;2557-2;Scope baseline being the primary input;58:09;53:59;0;15;112:08
302;2755KHZ;2755-13;Scope baseline being the primary input;26:39;22:59;0;11;49:38
303;3333AAA;3333-13;Scope baseline being the primary input;1:22;25:59;0;52;27:21
304;1111AAA;1111-18;Design of communication module;39:06;49:38;1;30;88:44
305;6372BGX;6372-4;Enterprise Environmental Factor;1:57;53:21;0;22;55:18
306;0000AAA;0000-3;Scope baseline being the primary input;17:39;18:59;1;38;36:38
307;8483DZM;8483-6;Enterprise Environmental Factor;51:25;8:16;0;43;59:41
308;4357KQG;4357-14;Complete preparation of new work area;53:11;41:33;1;42;94:44
309;3338JTC;3338-16;Enterprise Environmental Factor;43:27;13:54;1;80;57:21
310;9838SDR;9838-2;Following are five time management;39:16;39:52;0;38;79:08
311;7722RJP;7722-5;Following are five time management;43:16;42:47;0;16;86:03
312;4357KQG;4357-15;Following are five time management;32:57;22:35;0;93;55:32
313;6112CRM;6112-7;Scope baseline being the primary input;39:38;58:01;1;17;97:39
314;7279FIJ;7279-11;Scope baseline being the primary input;52:12;36:02;1;27;88:14
315;9572EWY;9572-8;Scope baseline being the primary input;27:02;3:16;0;7;30:18
316;9572EWY;9572-3;Enterprise Environmental Factor;46:55;4:11;1;84;51:06
317;8483DZM;8483-19;Following are five time management;56:44;36:12;1;17;92:56
318;1111AAA;1111-3;Following are five time management;40:01;10:49;1;79;50:50
319;9838KFP;9838-5;Enterprise Environmental Factor;26:39;18:15;0;91;44:54
320;2222AAA;2222-14;Scope baseline being the primary input;36:20;12:19;0;66;48:39
321;8483DZM;8483-8;Design of communication module;58:01;44:31;0;93;102:32
322;1111AAA;1111-2;Following are five time management;52:56;30:04;1;18;83:00
323;2557APJ;2557-15;Scope baseline being the primary input;2:04;49:51;0;67;51:55
324;6364ESL;6364-10;Scope baseline being the primary input;39:13;1:10;0;95;40:23
325;8259TMD;8259-20;Following are five time management;19:48;56:46;1;55;76:34
326;4541HDC;4541-1;Complete preparation of new work area;24:08;60:41;0;2;84:49
327;8867OPQ;8867-16;Design of communication module;26:33;45:04;1;64;71:37
328;8681KSX;8681-3;Design of communication module;32:39;39:47;1;75;72:26
329;1111AAA;1111-20;Design of communication module;56:38;26:10;1;69;82:48
330;2315WYJ;2315-2;Scope baseline being the primary input;22:03;16:03;0;72;38:06
331;6592LTN;6592-20;Scope baseline being the primary input;8:50;42:29;0;26;51:19
332;8259TMD;8259-6;Scope baseline being the primary input;55:49;30:29;1;66;86:18
333;2837NKR;2837-10;Complete preparation of new work area;48:22;23:35;0;50;71:57
334;9572EWY;9572-9;Scope baseline being the primary input;43:25;37:04;0;40;80:29
335;6917RIB;6917-12;Following are five time management;46:05;3:31;1;40;49:36
336;4357KQG;4357-3;Design of communication module;52:10;4:08;0;83;56:18
337;3619LTU;3619-10;Complete preparation of new work area;28:35;45:59;0;73;74:34
338;7457LLG;7457-18;Scope baseline being the primary input;43:11;53:56;0;63;97:07
339;7457LLG;7457-8;Scope baseline being the primary input;45:57;44:30;0;0;90:27
340;3564SMH;3564-11;Complete preparation of new work area;40:34;23:53;0;60;64:27
341;4541HDC;4541-15;Enterprise Environmental Factor;55:34;50:46;1;54;106:20
342;3619LTU;3619-11;Design of communication module;57:23;7:46;1;21;65:09
343;2222AAA;2222-15;Enterprise Environmental Factor;32:40;41:06;0;42;73:46
344;6136FOR;6136-7;Following are five time management;43:54;36:36;0;82;80:30
345;2755KHZ;2755-13;Design of communication module;39:56;10:12;1;52;50:08
346;4357KQG;4357-7;Enterprise Environmental Factor;53:40;10:55;0;79;64:35
347;5774XWQ;5774-15;Enterprise Environmental Factor;51:30;36:28;1;19;87:58
348;6917RIB;6917-2;Scope baseline being the primary input;35:37;57:35;0;47;93:12
349;6372BGX;6372-4;Design of communication module;43:12;60:02;0;7;103:14
350;6136FOR;6136-8;Scope baseline being the primary input;13:58;38:04;0;29;52:02
351;6364ESL;6364-7;Following are five time management;52:22;60:55;1;52;113:17
352;5774XWQ;5774-1;Complete preparation of new work area;59:03;26:52;1;91;85:55
353;2837NKR;2837-8;Scope baseline being the primary input;60:59;15:10;0;73;76:09
354;3277QBC;3277-12;Scope baseline being the primary input;57:01;23:38;1;5;80:39
355;9572EWY;9572-18;Enterprise Environmental Factor;22:26;34:16;1;8;56:42
356;5331CIC;5331-9;Following are five time management;24:20;13:41;0;63;38:01
357;2755KHZ;2755-15;Following are five time management;21:13;54:35;1;100;75:48
358;2315WYJ;2315-9;Complete preparation of new work area;43:07;9:41;1;59;52:48
359;3338JTC;3338-7;Enterprise Environmental Factor;34:27;37:31;1;65;71:58
360;7778UYT;7778-15;Enterprise Environmental Factor;34:22;12:21;0;69;46:43
361;2755KHZ;2755-5;Scope baseline being the primary input;58:17;15:34;0;100;73:51
362;7279FIJ;7279-18;Design of communication module;23:21;46:13;0;76;69:34
363;7778UYT;7778-19;Design of communication module;31:19;6:25;0;32;37:44
364;8867OPQ;8867-17;Design of communication module;31:27;49:16;1;86;80:43
365;3333AAA;3333-19;Complete preparation of new work area;39:23;9:57;1;39;49:20
366;6917RIB;6917-16;Complete preparation of new work area;36:43;16:03;0;14;52:46
367;3338JTC;3338-14;Scope baseline being the primary input;4:56;23:09;1;63;28:05
368;2755KHZ;2755-15;Enterprise Environmental Factor;17:22;35:08;1;66;52:30
369;8483DZM;8483-8;Scope baseline being the primary input;31:56;29:32;0;2;61:28
370;5312GOH;5312-3;Scope baseline being the primary input;25:58;41:52;0;8;67:50
371;8681KSX;8681-20;Scope baseline being the primary input;16:26;23:08;0;25;39:34
372;2315WYJ;2315-13;Scope baseline being the primary input;17:01;32:27;0;10;49:28
373;9572EWY;9572-4;Following are five time management;13:42;4:13;1;29;17:55
374;6136FOR;6136-7;Design of communication module;49:05;53:33;1;3;102:38
375;1173DLU;1173-17;Complete preparation of new work area;48:31;16:30;1;84;65:01
376;6188QFT;6188-2;Complete preparation of new work area;56:49;54:04;0;83;110:53
377;7279FIJ;7279-6;Scope baseline being the primary input;7:58;40:08;1;37;48:06
378;7279FIJ;7279-2;Scope baseline being the primary input;43:01;23:08;1;91;66:09
379;8483DZM;8483-2;Enterprise Environmental Factor;57:09;26:58;1;59;84:07
380;5312GOH;5312-20;Enterprise Environmental Factor;41:09;12:12;1;77;53:21
381;5774XWQ;5774-14;Scope baseline being the primary input;25:30;10:42;1;48;36:12
382;1173DLU;1173-4;Complete preparation of new work area;41:24;41:19;1;40;82:43
383;8259TMD;8259-9;Complete preparation of new work area;41:22;44:48;0;69;86:10
384;8681KSX;8681-10;Design of communication module;57:05;45:53;0;82;102:58
385;0000AAA;0000-10;Design of communication module;42:54;28:53;0;44;71:47
386;0000AAA;0000-2;Following are five time management;17:53;58:42;1;10;76:35
387;9838SDR;9838-20;Design of communication module;14:46;20:16;0;10;35:02
388;2222AAA;2222-19;Enterprise Environmental Factor;5:56;20:44;1;89;26:40
389;3333AAA;3333-19;Enterprise Environmental Factor;16:50;41:51;0;68;58:41
390;5629ORT;5629-11;Following are five time management;51:03;47:40;0;21;98:43
391;1173DLU;1173-10;Following are five time management;30:24;53:35;0;35;83:59
392;6372BGX;6372-20;Following are five time management;8:24;6:04;1;47;14:28
393;5629ORT;5629-5;Enterprise Environmental Factor;9:15;55:30;0;64;64:45
394;3277QBC;3277-1;Following are five time management;5:06;14:31;0;20;19:37
395;1111AAA;1111-16;Complete preparation of new work area;8:51;48:38;0;6;57:29
396;3338JTC;3338-9;Scope baseline being the primary input;9:50;9:20;0;84;19:10
397;7557UNN;7557-2;Design of communication module;44:42;27:23;1;26;72:05
398;6112CRM;6112-13;Scope baseline being the primary input;6:44;12:02;1;20;18:46
399;1111AAA;1111-2;Scope baseline being the primary input;41:01;19:47;1;18;60:48
400;2315WYJ;2315-13;Enterprise Environmental Factor;51:14;42:53;0;3;94:07
401;5774XWQ;5774-20;Following are five time management;46:58;36:18;1;70;83:16
402;3564SMH;3564-3;Complete preparation of new work area;52:01;46:17;1;60;98:18
403;6188QFT;6188-14;Enterprise Environmental Factor;43:29;31:22;1;18;74:51
404;5995KWB;5995-2;Complete preparation of new work area;59:49;36:40;0;59;96:29
405;2315WYJ;2315-12;Following are five time management;24:03;44:38;0;44;68:41
406;2222AAA;2222-12;Following are five time management;55:55;47:34;1;19;103:29
407;5629ORT;5629-5;Scope baseline being the primary input;19:58;35:19;1;23;55:17
408;6592LTN;6592-1;Scope baseline being the primary input;33:45;56:21;0;96;90:06
409;2315WYJ;2315-12;Complete preparation of new work area;28:01;30:19;0;65;58:20
410;3564SMH;3564-13;Following are five time management;59:59;33:12;1;68;93:11
411;3619LTU;3619-3;Following are five time management;52:49;38:49;1;32;91:38
412;9838SDR;9838-12;Enterprise Environmental Factor;37:57;23:01;0;76;60:58
413;3338JTC;3338-12;Scope baseline being the primary input;48:10;14:57;1;23;63:07
414;7557UNN;7557-16;Scope baseline being the primary input;9:51;15:53;1;15;25:44
415;8259TMD;8259-2;Following are five time management;42:59;12:53;1;64;55:52
416;6112CRM;6112-10;Scope baseline being the primary input;20:15;47:56;0;100;68:11
417;3564SMH;3564-17;Enterprise Environmental Factor;10:37;14:16;1;36;24:53
418;9838SDR;9838-4;Enterprise Environmental Factor;53:02;35:56;0;54;88:58
419;8681KSX;8681-19;Complete preparation of new work area;13:05;35:25;0;99;48:30
420;8681KSX;8681-10;Following are five time management;55:52;40:57;1;41;96:49
421;5774XWQ;5774-19;Following are five time management;27:17;37:14;1;24;64:31
422;2837NKR;2837-13;Following are five time management;13:25;35:02;0;61;48:27
423;2557APJ;2557-6;Following are five time management;29:14;45:55;1;74;75:09
424;8259TMD;8259-11;Design of communication module;45:13;1:37;1;36;46:50
425;5774XWQ;5774-13;Complete preparation of new work area;3:02;48:27;1;18;51:29
426;4357KQG;4357-15;Scope baseline being the primary input;45:22;33:08;1;20;78:30
427;5312GOH;5312-4;Complete preparation of new work area;43:12;14:02;0;46;57:14
428;2222AAA;2222-16;Enterprise Environmental Factor;5:15;57:14;0;0;62:29
429;4357KQG;4357-15;Scope baseline being the primary input;59:17;50:09;0;69;109:26
430;6136FOR;6136-16;Design of communication module;6:45;6:43;0;58;13:28
431;5312GOH;5312-1;Scope baseline being the primary input;11:50;35:14;1;28;47:04
432;2557APJ;2557-2;Complete preparation of new work area;31:13;35:44;0;76;66:57
433;7778UYT;7778-5;Following are five time management;24:18;14:34;0;41;38:52
434;5774XWQ;5774-2;Enterprise Environmental Factor;48:56;18:29;1;50;67:25
435;9572EWY;9572-12;Enterprise Environmental Factor;58:48;6:32;0;53;65:20
436;5995KWB;5995-13;Complete preparation of new work area;46:57;26:57;0;91;73:54
437;7557UNN;7557-8;Following are five time management;28:57;54:44;1;30;83:41
438;9838KFP;9838-19;Enterprise Environmental Factor;23:02;29:32;1;46;52:34
439;2837NKR;2837-12;Following are five time management;6:07;49:12;1;19;55:19
440;6112CRM;6112-2;Design of communication module;9:16;14:54;1;14;24:10
441;9779RAH;9779-13;Design of communication module;59:03;33:16;0;90;92:19
442;8867OPQ;8867-12;Scope baseline being the primary input;25:03;33:14;0;28;58:17
443;6372BGX;6372-1;Scope baseline being the primary input;36:08;58:35;1;51;94:43
444;9838SDR;9838-20;Enterprise Environmental Factor;12:16;53:38;1;15;65:54
445;9838KFP;9838-3;Scope baseline being the primary input;47:58;56:01;1;41;103:59
446;2557APJ;2557-5;Enterprise Environmental Factor;15:55;16:04;0;85;31:59
447;8867OPQ;8867-11;Design of communication module;44:36;38:36;0;95;83:12
448;7557UNN;7557-3;Complete preparation of new work area;43:45;57:49;1;1;101:34
449;5331CIC;5331-3;Enterprise Environmental Factor;20:51;25:29;0;62;46:20
450;0000AAA;0000-17;Complete preparation of new work area;37:45;30:45;1;95;68:30
451;9572EWY;9572-13;Scope baseline being the primary input;22:23;34:12;0;47;56:35
452;9838KFP;9838-5;Enterprise Environmental Factor;3:21;17:04;1;1;20:25
453;7557UNN;7557-2;Complete preparation of new work area;46:52;12:18;0;44;59:10
454;5629ORT;5629-1;Following are five time management;29:58;60:54;0;80;90:52
455;9779RAH;9779-2;Design of communication module;25:10;57:46;0;67;82:56
456;5312GOH;5312-5;Design of communication module;45:58;42:10;0;43;88:08
457;8867OPQ;8867-8;Following are five time management;58:38;20:48;1;64;79:26
458;3564SMH;3564-3;Complete preparation of new work area;16:21;38:22;0;99;54:43
459;2557APJ;2557-3;Scope baseline being the primary input;42:09;41:45;0;77;83:54
460;8681KSX;8681-1;Complete preparation of new work area;39:53;32:16;0;40;72:09
461;6364ESL;6364-14;Design of communication module;30:54;6:11;0;80;37:05
462;5629ORT;5629-16;Scope baseline being the primary input;35:14;53:12;0;46;88:26
463;7557UNN;7557-1;Scope baseline being the primary input;31:34;60:34;1;6;92:08
464;7457LLG;7457-6;Design of communication module;39:19;36:04;0;13;75:23
465;9572EWY;9572-11;Scope baseline being the primary input;5:46;22:20;0;99;28:06
466;7457LLG;7457-10;Following are five time management;44:46;23:45;0;81;68:31
467;1111AAA;1111-7;Following are five time management;59:26;16:14;1;6;75:40
468;7557UNN;7557-8;Following are five time management;38:08;47:44;1;65;85:52
469;2315WYJ;2315-9;Design of communication module;38:07;7:58;0;11;46:05
470;9838KFP;9838-6;Following are five time management;60:42;20:29;0;2;81:11
471;2222AAA;2222-10;Complete preparation of new work area;7:36;5:26;0;72;13:02
472;8867OPQ;8867-12;Enterprise Environmental Factor;58:43;11:27;1;43;70:10
473;3333AAA;3333-17;Complete preparation of new work area;15:13;49:57;0;10;65:10
474;8483DZM;8483-20;Complete preparation of new work area;11:09;29:20;1;16;40:29
475;2222AAA;2222-10;Design of communication module;34:25;42:28;1;46;76:53
476;3333AAA;3333-18;Complete preparation of new work area;31:20;12:43;1;13;44:03
477;3619LTU;3619-5;Complete preparation of new work area;56:48;4:23;1;22;61:11
478;2837NKR;2837-20;Scope baseline being the primary input;9:23;35:48;1;93;45:11
479;8483DZM;8483-13;Complete preparation of new work area;59:01;16:39;1;19;75:40
480;5331CIC;5331-8;Complete preparation of new work area;54:51;32:23;1;96;87:14
481;8867OPQ;8867-4;Enterprise Environmental Factor;46:57;58:45;1;47;105:42
482;7279FIJ;7279-14;Following are five time management;54:23;23:48;0;95;78:11
483;8867OPQ;8867-2;Complete preparation of new work area;29:07;40:19;0;47;69:26
484;0000AAA;0000-1;Following are five time management;59:12;14:10;0;4;73:22
485;0000AAA;0000-18;Complete preparation of new work area;43:37;1:29;1;26;45:06
486;4541HDC;4541-6;Following are five time management;2:54;34:22;1;78;37:16
487;7557UNN;7557-10;Design of communication module;41:14;45:57;1;66;87:11
488;0000AAA;0000-5;Complete preparation of new work area;48:49;52:04;1;53;100:53
489;6112CRM;6112-10;Enterprise Environmental Factor;33:37;2:21;1;84;35:58
490;7557UNN;7557-11;Complete preparation of new work area;19:23;40:43;0;99;60:06
491;1111AAA;1111-19;Design of communication module;43:24;24:50;1;70;68:14
492;3619LTU;3619-4;Design of communication module;54:13;46:23;0;19;100:36
493;9838SDR;9838-1;Scope baseline being the primary input;56:13;14:23;1;67;70:36
494;7457LLG;7457-17;Enterprise Environmental Factor;44:42;59:27;1;11;104:09
495;4541HDC;4541-7;Enterprise Environmental Factor;53:37;53:41;0;90;107:18
496;3564SMH;3564-18;Following are five time management;19:26;41:24;1;79;60:50
497;5629ORT;5629-14;Following are five time management;21:07;33:43;1;45;54:50
498;6372BGX;6372-8;Complete preparation of new work area;37:17;60:49;0;69;98:06
499;7557UNN;7557-11;Design of communication module;38:26;9:15;1;50;47:41
500;7557UNN;7557-3;Scope baseline being the primary input;3:12;9:28;0;36;12:40
501;7557UNN;7557-20;Design of communication module;30:15;36:59;0;96;67:14
502;3564SMH;3564-7;Complete preparation of new work area;33:43;50:15;1;22;83:58
503;2222AAA;2222-13;Complete preparation of new work area;44:57;49:20;0;34;94:17
504;1111AAA;1111-6;Complete preparation of new work area;19:32;37:33;0;77;57:05
505;3619LTU;3619-3;Complete preparation of new work area;60:20;4:48;0;50;65:08
506;5312GOH;5312-11;Design of communication module;21:19;3:56;1;95;25:15
507;3333AAA;3333-20;Design of communication module;10:16;26:26;1;100;36:42
508;2837NKR;2837-8;Following are five time management;20:32;21:25;0;30;41:57
509;5995KWB;5995-15;Complete preparation of new work area;37:08;6:15;1;5;43:23
510;3619LTU;3619-2;Scope baseline being the primary input;9:24;12:10;1;69;21:34
511;0000AAA;0000-17;Scope baseline being the primary input;5:48;29:35;0;52;35:23
512;1173DLU;1173-17;Design of communication module;1:15;58:20;0;22;59:35
513;3564SMH;3564-8;Following are five time management;51:18;41:52;0;37;93:10
514;3333AAA;3333-19;Design of communication module;28:19;40:25;0;70;68:44
515;3277QBC;3277-15;Following are five time management;58:09;28:42;0;52;86:51
516;2222AAA;2222-14;Enterprise Environmental Factor;53:58;34:21;1;13;88:19
517;9838KFP;9838-5;Following are five time management;24:48;58:56;1;77;83:44
518;6112CRM;6112-6;Enterprise Environmental Factor;10:47;31:12;1;31;41:59
519;5995KWB;5995-8;Design of communication module;6:41;36:08;1;63;42:49
520;1173DLU;1173-4;Following are five time management;49:24;10:54;1;7;60:18
521;7778UYT;7778-20;Design of communication module;7:48;48:06;1;2;55:54
522;9838KFP;9838-18;Following are five time management;28:50;15:26;0;53;44:16
523;7722RJP;7722-1;Enterprise Environmental Factor;58:12;47:53;0;65;106:05
524;5774XWQ;5774-5;Scope baseline being the primary input;5:30;7:24;0;28;12:54
525;7279FIJ;7279-16;Design of communication module;21:16;55:02;1;27;76:18
526;7778UYT;7778-6;Complete preparation of new work area;31:47;44:21;0;81;76:08
527;9838SDR;9838-15;Following are five time management;40:13;20:51;1;53;61:04
528;3619LTU;3619-7;Following are five time management;29:52;51:54;1;54;81:46
529;5629ORT;5629-10;Design of communication module;4:16;5:26;0;61; 9:42
530;2315WYJ;2315-19;Scope baseline being the primary input;13:29;39:47;1;63;53:16
531;6372BGX;6372-20;Scope baseline being the primary input;41:07;22:30;1;51;63:37
532;3333AAA;3333-7;Complete preparation of new work area;47:55;16:32;0;50;64:27
533;7557UNN;7557-5;Scope baseline being the primary input;20:20;55:17;0;24;75:37
534;6372BGX;6372-1;Scope baseline being the primary input;37:13;24:42;0;3;61:55
535;8483DZM;8483-10;Design of communication module;37:19;5:42;1;6;43:01
536;2315WYJ;2315-2;Design of communication module;33:31;4:03;0;15;37:34
537;6917RIB;6917-6;Following are five time management;37:48;17:47;0;31;55:35
538;6917RIB;6917-15;Enterprise Environmental Factor;49:18;36:55;0;95;86:13
539;9572EWY;9572-1;Complete preparation of new work area;51:14;55:33;0;91;106:47
540;2557APJ;2557-18;Scope baseline being the primary input;30:34;12:31;0;24;43:05
541;0000AAA;0000-3;Enterprise Environmental Factor;23:41;31:40;0;87;55:21
542;4357KQG;4357-6;Scope baseline being the primary input;52:24;36:02;0;46;88:26
543;4541HDC;4541-13;Scope baseline being the primary input;32:22;25:48;0;66;58:10
544;8867OPQ;8867-13;Design of communication module;10:51;36:57;1;87;47:48
545;5312GOH;5312-20;Scope baseline being the primary input;55:02;6:26;1;13;61:28
546;5774XWQ;5774-15;Following are five time management;29:35;8:11;1;27;37:46
547;2557APJ;2557-8;Complete preparation of new work area;43:38;4:26;1;39;48:04
548;2315WYJ;2315-9;Enterprise Environmental Factor;56:24;14:10;0;12;70:34
549;6112CRM;6112-5;Scope baseline being the primary input;45:03;43:02;0;66;88:05
550;6372BGX;6372-17;Complete preparation of new work area;14:22;32:26;0;78;46:48
551;3619LTU;3619-9;Complete preparation of new work area;17:01;36:13;1;3;53:14
552;5995KWB;5995-13;Complete preparation of new work area;54:36;36:45;0;83;91:21
553;5629ORT;5629-10;Following are five time management;27:25;52:47;0;37;80:12
554;7457LLG;7457-4;Following are five time management;57:24;60:13;0;16;117:37
555;8867OPQ;8867-19;Following are five time management;56:45;31:07;0;78;87:52
556;3619LTU;3619-19;Following are five time management;56:13;33:28;1;98;89:41
557;1111AAA;1111-1;Enterprise Environmental Factor;54:58;47:32;0;25;102:30
558;5774XWQ;5774-10;Design of communication module;57:19;33:34;1;74;90:53
559;6136FOR;6136-18;Scope baseline being the primary input;60:48;32:14;0;43;93:02
560;3277QBC;3277-16;Enterprise Environmental Factor;26:45;46:01;1;47;72:46
561;7557UNN;7557-12;Following are five time management;22:22;6:56;1;93;29:18
562;5312GOH;5312-14;Following are five time management;54:35;5:13;1;83;59:48
563;6188QFT;6188-3;Design of communication module;43:46;38:22;0;10;82:08
564;4541HDC;4541-4;Complete preparation of new work area;51:29;14:58;0;43;66:27
565;9838SDR;9838-2;Complete preparation of new work area;4:06;60:40;0;99;64:46
566;9779RAH;9779-6;Scope baseline being the primary input;10:53;6:26;1;24;17:19
567;6592LTN;6592-9;Design of communication module;18:36;18:36;1;96;37:12
568;1173DLU;1173-8;Following are five time management;60:04;32:17;0;77;92:21
569;6136FOR;6136-18;Design of communication module;60:40;10:23;1;93;71:03
570;6188QFT;6188-16;Following are five time management;45:37;55:12;1;74;100:49
571;6917RIB;6917-20;Enterprise Environmental Factor;6:39;19:35;0;53;26:14
572;5774XWQ;5774-6;Scope baseline being the primary input;44:20;48:15;0;11;92:35
573;2315WYJ;2315-7;Enterprise Environmental Factor;15:22;15:26;1;43;30:48
574;3619LTU;3619-16;Design of communication module;1:13;49:18;0;5;50:31
575;9838SDR;9838-17;Design of communication module;23:55;16:01;1;20;39:56
576;2315WYJ;2315-7;Complete preparation of new work area;2:06;22:03;1;43;24:09
577;9838SDR;9838-18;Enterprise Environmental Factor;28:56;3:36;0;72;32:32
578;7557UNN;7557-19;Enterprise Environmental Factor;46:58;51:21;0;18;98:19
579;2837NKR;2837-4;Enterprise Environmental Factor;46:01;53:37;0;42;99:38
580;5312GOH;5312-12;Following are five time management;55:04;58:25;0;6;113:29
581;4541HDC;4541-7;Complete preparation of new work area;29:25;58:36;0;80;88:01
582;8259TMD;8259-15;Following are five time management;1:14;26:41;0;2;27:55
583;8483DZM;8483-10;Enterprise Environmental Factor;10:25;55:44;1;43;66:09
584;5312GOH;5312-18;Design of communication module;16:16;54:52;1;43;71:08
585;3564SMH;3564-20;Design of communication module;40:09;9:38;1;8;49:47
586;7457LLG;7457-9;Scope baseline being the primary input;19:52;12:51;0;81;32:43
587;1111AAA;1111-7;Scope baseline being the primary input;58:52;36:16;0;4;95:08
588;6136FOR;6136-11;Complete preparation of new work area;1:44;28:24;1;70;30:08
589;5774XWQ;5774-12;Design of communication module;24:45;16:34;0;56;41:19
590;2315WYJ;2315-5;Complete preparation of new work area;9:49;9:05;0;43;18:54
591;7722RJP;7722-8;Scope baseline being the primary input;8:16;4:34;1;47;12:50
592;2222AAA;2222-3;Enterprise Environmental Factor;38:10;6:43;1;45;44:53
593;3619LTU;3619-7;Complete preparation of new work area;33:56;45:17;0;0;79:13
594;9838KFP;9838-2;Complete preparation of new work area;44:44;25:02;0;43;69:46
595;9838SDR;9838-5;Design of communication module;58:11;47:49;1;53;106:00
596;5331CIC;5331-16;Enterprise Environmental Factor;14:11;9:14;0;75;23:25
597;3333AAA;3333-6;Enterprise Environmental Factor;59:35;23:47;0;28;83:22
598;7778UYT;7778-10;Enterprise Environmental Factor;51:58;57:23;1;59;109:21
599;6188QFT;6188-11;Scope baseline being the primary input;25:11;9:57;0;0;35:08
600;6364ESL;6364-18;Following are five time management;48:03;24:12;0;10;72:15
601;6372BGX;6372-7;Design of communication module;48:18;2:24;0;44;50:42
602;3333AAA;3333-3;Following are five time management;56:53;39:11;0;90;96:04
603;5995KWB;5995-18;Design of communication module;8:39;15:49;0;42;24:28
604;5774XWQ;5774-11;Design of communication module;30:44;40:18;0;7;71:02
605;5629ORT;5629-11;Complete preparation of new work area;6:39;48:12;0;22;54:51
606;3277QBC;3277-7;Complete preparation of new work area;56:11;32:28;1;61;88:39
607;8681KSX;8681-11;Enterprise Environmental Factor;1:57;32:02;1;61;33:59
608;2315WYJ;2315-9;Design of communication module;49:02;27:21;1;99;76:23
609;2315WYJ;2315-19;Enterprise Environmental Factor;26:33;31:45;0;75;58:18
610;4357KQG;4357-1;Scope baseline being the primary input;43:50;6:29;0;71;50:19
611;8483DZM;8483-17;Scope baseline being the primary input;2:26;5:41;0;48; 8:07
612;6372BGX;6372-8;Complete preparation of new work area;17:59;41:29;1;82;59:28
613;9779RAH;9779-17;Scope baseline being the primary input;55:01;52:56;1;4;107:57
614;9838SDR;9838-4;Scope baseline being the primary input;59:38;55:23;1;50;115:01
615;6372BGX;6372-7;Design of communication module;46:26;4:44;0;84;51:10
616;0000AAA;0000-8;Scope baseline being the primary input;35:40;26:31;1;15;62:11
617;6372BGX;6372-3;Design of communication module;51:57;58:59;0;49;110:56
618;5629ORT;5629-9;Complete preparation of new work area;11:14;30:56;1;80;42:10
619;8483DZM;8483-10;Complete preparation of new work area;13:23;52:29;0;91;65:52
620;7457LLG;7457-3;Enterprise Environmental Factor;52:05;12:08;0;5;64:13
621;7722RJP;7722-6;Enterprise Environmental Factor;34:01;24:06;1;36;58:07
622;5331CIC;5331-14;Enterprise Environmental Factor;33:45;37:59;0;94;71:44
623;9838KFP;9838-11;Following are five time management;34:20;4:44;0;12;39:04
624;4541HDC;4541-8;Design of communication module;30:38;57:56;1;28;88:34
625;6917RIB;6917-2;Design of communication module;36:30;25:08;0;93;61:38
626;2222AAA;2222-19;Complete preparation of new work area;56:16;38:35;1;0;94:51
627;6917RIB;6917-16;Design of communication module;24:34;27:11;1;16;51:45
628;5629ORT;5629-16;Design of communication module;8:51;8:24;0;36;17:15
629;8867OPQ;8867-20;Scope baseline being the primary input;23:45;3:05;1;50;26:50
630;5629ORT;5629-15;Scope baseline being the primary input;31:39;4:02;0;63;35:41
631;6372BGX;6372-9;Design of communication module;1:39;3:34;0;90; 5:13
632;6136FOR;6136-10;Following are five time management;16:29;11:47;0;64;28:16
633;3333AAA;3333-11;Complete preparation of new work area;35:50;59:35;1;9;95:25
634;5331CIC;5331-16;Scope baseline being the primary input;15:44;47:48;0;78;63:32
635;5629ORT;5629-13;Design of communication module;4:34;22:10;1;26;26:44
636;6364ESL;6364-1;Following are five time management;58:11;31:30;1;35;89:41
637;6372BGX;6372-10;Complete preparation of new work area;53:34;49:10;0;68;102:44
638;6372BGX;6372-9;Following are five time management;52:09;20:24;1;7;72:33
639;6372BGX;6372-6;Enterprise Environmental Factor;15:09;1:37;0;89;16:46
640;5331CIC;5331-6;Following are five time management;6:45;40:34;0;22;47:19
641;9779RAH;9779-17;Scope baseline being the primary input;17:03;42:21;0;25;59:24
642;3338JTC;3338-4;Following are five time management;7:22;30:45;1;96;38:07
643;5995KWB;5995-14;Design of communication module;57:02;31:36;1;29;88:38
644;1173DLU;1173-12;Enterprise Environmental Factor;38:56;11:31;1;88;50:27
645;3277QBC;3277-15;Design of communication module;24:09;47:04;1;40;71:13
646;4541HDC;4541-7;Following are five time management;6:56;53:15;0;12;60:11
647;3277QBC;3277-15;Enterprise Environmental Factor;17:59;2:28;1;3;20:27
648;3564SMH;3564-5;Scope baseline being the primary input;18:17;43:51;1;23;62:08
649;9779RAH;9779-15;Enterprise Environmental Factor;58:42;38:10;1;26;96:52
650;8259TMD;8259-8;Scope baseline being the primary input;29:32;37:25;1;9;66:57
651;5331CIC;5331-10;Enterprise Environmental Factor;44:56;56:28;0;44;101:24
652;6592LTN;6592-18;Enterprise Environmental Factor;1:43;19:23;1;96;21:06
653;2755KHZ;2755-14;Enterprise Environmental Factor;50:04;55:02;1;75;105:06
654;6136FOR;6136-16;Design of communication module;27:33;1:06;1;58;28:39
655;8867OPQ;8867-4;Complete preparation of new work area;33:33;7:17;0;72;40:50
656;9572EWY;9572-17;Enterprise Environmental Factor;4:15;19:38;1;52;23:53
657;4357KQG;4357-1;Following are five time management;10:59;4:21;1;27;15:20
658;8259TMD;8259-3;Following are five time management;60:57;43:23;0;74;104:20
659;5331CIC;5331-3;Enterprise Environmental Factor;38:38;35:50;1;24;74:28
660;1173DLU;1173-3;Design of communication module;1:14;34:27;0;51;35:41
661;8259TMD;8259-9;Complete preparation of new work area;9:09;8:12;1;70;17:21
662;5331CIC;5331-2;Complete preparation of new work area;58:08;19:26;0;0;77:34
663;7557UNN;7557-7;Design of communication module;19:13;35:32;0;61;54:45
664;5995KWB;5995-2;Scope baseline being the primary input;5:30;6:43;1;81;12:13
665;6188QFT;6188-3;Following are five time management;46:25;31:11;0;1;77:36
666;9838KFP;9838-8;Following are five time management;15:14;26:15;0;14;41:29
667;3333AAA;3333-3;Scope baseline being the primary input;46:30;1:34;1;85;48:04
668;6136FOR;6136-1;Scope baseline being the primary input;26:17;37:21;0;3;63:38
669;3619LTU;3619-4;Following are five time management;23:10;52:46;0;97;75:56
670;6592LTN;6592-17;Following are five time management;29:50;45:27;0;35;75:17
671;6917RIB;6917-16;Scope baseline being the primary input;1:08;26:28;0;64;27:36
672;7279FIJ;7279-7;Design of communication module;16:59;48:26;0;60;65:25
673;1111AAA;1111-2;Scope baseline being the primary input;9:27;18:29;1;29;27:56
674;5312GOH;5312-13;Complete preparation of new work area;9:22;56:23;1;2;65:45
675;2315WYJ;2315-3;Enterprise Environmental Factor;22:24;4:13;1;8;26:37
676;5774XWQ;5774-4;Design of communication module;36:14;18:45;0;86;54:59
677;2557APJ;2557-10;Following are five time management;7:33;46:13;0;20;53:46
678;9779RAH;9779-14;Scope baseline being the primary input;2:01;56:33;1;19;58:34
679;8681KSX;8681-12;Design of communication module;4:19;34:24;0;40;38:43
680;9838SDR;9838-2;Scope baseline being the primary input;32:17;43:36;1;55;75:53
681;8681KSX;8681-6;Complete preparation of new work area;4:56;48:09;0;93;53:05
682;3564SMH;3564-19;Enterprise Environmental Factor;50:32;43:58;1;42;94:30
683;5312GOH;5312-16;Scope baseline being the primary input;7:48;15:56;1;10;23:44
684;3277QBC;3277-1;Scope baseline being the primary input;16:43;8:50;1;23;25:33
685;5629ORT;5629-7;Design of communication module;36:30;25:06;1;98;61:36
686;1173DLU;1173-2;Following are five time management;1:44;36:26;0;44;38:10
687;9838KFP;9838-19;Design of communication module;38:23;11:31;1;3;49:54
688;0000AAA;0000-11;Scope baseline being the primary input;29:29;54:24;0;42;83:53
689;3333AAA;3333-2;Enterprise Environmental Factor;23:46;47:24;0;18;71:10
690;6917RIB;6917-1;Design of communication module;8:26;12:12;1;87;20:38
691;5331CIC;5331-19;Scope baseline being the primary input;30:30;43:53;1;24;74:23
692;4357KQG;4357-20;Scope baseline being the primary input;59:40;5:06;1;23;64:46
693;2755KHZ;2755-7;Scope baseline being the primary input;52:50;27:55;0;21;80:45
694;6364ESL;6364-10;Following are five time management;28:20;58:15;0;41;86:35
695;3619LTU;3619-3;Complete preparation of new work area;27:47;33:49;1;48;61:36
696;3619LTU;3619-16;Following are five time management;24:22;6:26;0;65;30:48
697;4357KQG;4357-13;Complete preparation of new work area;6:07;1:29;0;18; 7:36
698;4541HDC;4541-3;Design of communication module;19:25;19:54;0;81;39:19
699;2315WYJ;2315-7;Complete preparation of new work area;23:44;17:02;1;12;40:46
700;7722RJP;7722-8;Enterprise Environmental Factor;37:57;49:14;1;43;87:11
701;1173DLU;1173-18;Scope baseline being the primary input;8:07;7:58;0;17;16:05
702;5629ORT;5629-7;Design of communication module;29:47;7:44;0;95;37:31
703;7279FIJ;7279-16;Scope baseline being the primary input;59:14;56:06;0;92;115:20
704;6364ESL;6364-17;Design of communication module;46:02;35:29;0;74;81:31
705;6112CRM;6112-12;Enterprise Environmental Factor;1:18;37:47;1;24;39:05
706;6364ESL;6364-13;Design of communication module;14:33;60:28;1;12;75:01
707;0000AAA;0000-14;Complete preparation of new work area;57:20;8:54;0;42;66:14
708;7457LLG;7457-10;Scope baseline being the primary input;43:48;23:01;1;44;66:49
709;3338JTC;3338-13;Complete preparation of new work area;31:49;58:39;1;71;90:28
710;5312GOH;5312-13;Following are five time management;29:32;42:40;0;84;72:12
711;6136FOR;6136-10;Design of communication module;21:42;52:05;1;88;73:47
712;2755KHZ;2755-13;Scope baseline being the primary input;56:01;36:19;0;74;92:20
713;6592LTN;6592-14;Enterprise Environmental Factor;37:32;7:05;1;5;44:37
714;3333AAA;3333-16;Enterprise Environmental Factor;35:35;31:43;0;74;67:18
715;6188QFT;6188-2;Enterprise Environmental Factor;5:48;40:49;0;63;46:37
716;6136FOR;6136-2;Design of communication module;38:01;11:54;0;58;49:55
717;3333AAA;3333-10;Enterprise Environmental Factor;58:45;45:35;1;86;104:20
718;6917RIB;6917-15;Scope baseline being the primary input;8:02;2:20;0;7;10:22
719;6188QFT;6188-13;Enterprise Environmental Factor;47:25;60:44;1;23;108:09
720;9838KFP;9838-17;Following are five time management;52:14;6:26;0;67;58:40
721;8681KSX;8681-15;Scope baseline being the primary input;11:20;3:14;1;0;14:34
722;2222AAA;2222-2;Enterprise Environmental Factor;17:37;34:23;0;69;52:00
723;9572EWY;9572-16;Scope baseline being the primary input;51:46;23:52;1;38;75:38
724;3564SMH;3564-14;Following are five time management;21:26;30:02;0;28;51:28
725;3333AAA;3333-13;Design of communication module;53:08;42:43;1;68;95:51
726;7557UNN;7557-18;Enterprise Environmental Factor;33:08;26:33;0;64;59:41
727;8681KSX;8681-1;Design of communication module;55:27;33:59;0;32;89:26
728;6188QFT;6188-10;Complete preparation of new work area;33:46;9:15;0;58;43:01
729;8483DZM;8483-11;Design of communication module;18:06;21:49;1;71;39:55
730;3277QBC;3277-4;Enterprise Environmental Factor;40:29;11:29;0;82;51:58
731;3619LTU;3619-15;Enterprise Environmental Factor;28:30;32:38;1;57;61:08
732;2315WYJ;2315-14;Design of communication module;3:52;30:02;1;45;33:54
733;7279FIJ;7279-19;Complete preparation of new work area;4:25;22:53;0;18;27:18
734;4541HDC;4541-4;Design of communication module;20:34;37:13;1;32;57:47
735;8867OPQ;8867-3;Scope baseline being the primary input;42:51;40:55;1;32;83:46
736;8867OPQ;8867-9;Complete preparation of new work area;24:48;59:53;1;74;84:41
737;8483DZM;8483-7;Scope baseline being the primary input;25:58;3:32;0;63;29:30
738;5331CIC;5331-4;Following are five time management;1:37;32:53;0;0;34:30
739;7279FIJ;7279-8;Design of communication module;39:15;31:04;1;97;70:19
740;7557UNN;7557-6;Complete preparation of new work area;51:12;4:09;1;22;55:21
741;6112CRM;6112-4;Following are five time management;48:10;8:28;0;100;56:38
742;2837NKR;2837-9;Enterprise Environmental Factor;43:26;27:17;1;73;70:43
743;5331CIC;5331-14;Following are five time management;28:47;56:33;1;34;85:20
744;6364ESL;6364-14;Scope baseline being the primary input;35:06;10:56;0;12;46:02
745;2222AAA;2222-17;Scope baseline being the primary input;35:48;13:19;1;5;49:07
746;5629ORT;5629-1;Enterprise Environmental Factor;15:03;27:58;0;92;43:01
747;3564SMH;3564-12;Enterprise Environmental Factor;12:03;38:15;1;69;50:18
748;4541HDC;4541-19;Complete preparation of new work area;58:27;24:14;1;33;82:41
749;9838KFP;9838-7;Following are five time management;44:06;20:29;0;15;64:35
750;3619LTU;3619-1;Complete preparation of new work area;37:22;4:04;0;36;41:26
751;4541HDC;4541-13;Scope baseline being the primary input;28:44;11:07;1;71;39:51
752;0000AAA;0000-20;Scope baseline being the primary input;53:24;25:16;1;74;78:40
753;6372BGX;6372-20;Design of communication module;24:32;53:36;0;37;78:08
754;3619LTU;3619-2;Following are five time management;51:06;35:41;1;95;86:47
755;3277QBC;3277-7;Enterprise Environmental Factor;60:57;2:43;0;62;63:40
756;7722RJP;7722-20;Following are five time management;42:45;18:46;0;42;61:31
757;9779RAH;9779-12;Following are five time management;27:33;49:03;0;89;76:36
758;8483DZM;8483-13;Scope baseline being the primary input;3:37;48:34;1;27;52:11
759;9838SDR;9838-16;Following are five time management;44:30;29:24;0;70;73:54
760;7279FIJ;7279-3;Following are five time management;25:13;50:55;0;66;76:08
761;8259TMD;8259-12;Design of communication module;2:48;49:12;0;4;52:00
762;9779RAH;9779-11;Following are five time management;28:18;20:44;0;48;49:02
763;8867OPQ;8867-4;Complete preparation of new work area;13:07;22:56;1;98;36:03
764;3338JTC;3338-15;Following are five time management;16:22;51:48;1;64;68:10
765;2222AAA;2222-11;Enterprise Environmental Factor;2:05;21:54;0;6;23:59
766;4541HDC;4541-6;Scope baseline being the primary input;35:23;43:51;1;78;79:14
767;5774XWQ;5774-13;Following are five time management;24:10;45:56;0;88;70:06
768;2755KHZ;2755-5;Design of communication module;42:33;18:13;0;23;60:46
769;9572EWY;9572-7;Complete preparation of new work area;7:36;30:16;1;29;37:52
770;6917RIB;6917-14;Design of communication module;32:31;23:15;0;95;55:46
771;7722RJP;7722-5;Following are five time management;15:34;36:25;1;67;51:59
772;7279FIJ;7279-6;Complete preparation of new work area;1:35;39:52;0;37;41:27
773;6917RIB;6917-12;Enterprise Environmental Factor;26:33;39:20;1;33;65:53
774;6364ESL;6364-5;Complete preparation of new work area;20:17;48:26;0;95;68:43
775;4357KQG;4357-19;Complete preparation of new work area;19:45;55:28;0;36;75:13
776;9838SDR;9838-4;Design of communication module;36:40;23:22;0;82;60:02
777;3333AAA;3333-17;Complete preparation of new work area;24:15;49:27;0;28;73:42
778;7457LLG;7457-2;Enterprise Environmental Factor;33:32;59:44;1;1;93:16
779;4357KQG;4357-8;Complete preparation of new work area;8:34;43:19;0;2;51:53
780;9838KFP;9838-17;Following are five time management;28:27;17:12;0;80;45:39
781;6372BGX;6372-15;Scope baseline being the primary input;5:57;52:57;1;51;58:54
782;2222AAA;2222-19;Enterprise Environmental Factor;14:49;21:07;1;9;35:56
783;0000AAA;0000-4;Enterprise Environmental Factor;55:08;9:20;0;25;64:28
784;6136FOR;6136-12;Complete preparation of new work area;58:51;20:22;1;66;79:13
785;2315WYJ;2315-18;Following are five time management;60:32;47:05;1;2;107:37
786;3619LTU;3619-14;Design of communication module;54:42;5:18;0;17;60:00
787;9779RAH;9779-19;Enterprise Environmental Factor;12:46;54:20;0;13;67:06
788;2755KHZ;2755-18;Design of communication module;55:32;6:22;1;0;61:54
789;8681KSX;8681-6;Design of communication module;34:52;24:13;0;3;59:05
790;2557APJ;2557-16;Scope baseline being the primary input;34:39;42:45;1;76;77:24
791;7778UYT;7778-18;Enterprise Environmental Factor;15:47;58:06;1;72;73:53
792;2222AAA;2222-20;Enterprise Environmental Factor;36:57;12:08;1;86;49:05
793;8867OPQ;8867-13;Following are five time management;35:13;51:05;0;56;86:18
794;3564SMH;3564-3;Design of communication module;56:25;43:38;1;58;100:03
795;6917RIB;6917-18;Complete preparation of new work area;51:08;17:02;0;96;68:10
796;4541HDC;4541-1;Complete preparation of new work area;51:19;45:14;1;98;96:33
797;4357KQG;4357-17;Enterprise Environmental Factor;44:07;10:41;0;87;54:48
798;9572EWY;9572-10;Scope baseline being the primary input;16:51;49:54;1;2;66:45
799;8681KSX;8681-5;Design of communication module;1:23;29:22;0;87;30:45
800;4357KQG;4357-5;Following are five time management;16:17;3:38;1;29;19:55
